lon,lat,6to9,9to12,12to15,15to18
-87.54536585,41.64459459,0.215121179,0.220544175,0.291541712,0.166737032
-87.53317073,41.64459459,0.213912003,0.218200916,0.288006558,0.162293687
-87.61853659,41.6536036,0.233489991,0.223705959,0.301109746,0.193474301
-87.60634146,41.6536036,0.231005427,0.222671512,0.307626511,0.165639389
-87.59414634,41.6536036,0.228238905,0.243030159,0.319572323,0.119760616
-87.58195122,41.6536036,0.22076565,0.244861658,0.314857792,0.156194874
-87.5697561,41.6536036,0.215319194,0.231439332,0.297855751,0.123937203
-87.55756098,41.6536036,0.21240754,0.222059448,0.284983169,0.138871358
-87.54536585,41.6536036,0.216476024,0.220607506,0.287641996,0.158411918
-87.53317073,41.6536036,0.212296574,0.207726867,0.283123377,0.155961485
-87.64292683,41.66261261,0.226527278,0.227409448,0.333494974,0.189049997
-87.63073171,41.66261261,0.22955379,0.218362188,0.326920321,0.182077754
-87.61853659,41.66261261,0.233725756,0.221320664,0.321740467,0.184528696
-87.60634146,41.66261261,0.225974726,0.235256761,0.31231215,0.171366948
-87.59414634,41.66261261,0.228293388,0.242410736,0.312516584,0.165602562
-87.58195122,41.66261261,0.221697478,0.246458418,0.314309263,0.160127861
-87.5697561,41.66261261,0.216805523,0.217226959,0.291885425,0.149983378
-87.55756098,41.66261261,0.217362063,0.221276204,0.286653009,0.135012315
-87.54536585,41.66261261,0.219499943,0.223187789,0.295532762,0.155623763
-87.53317073,41.66261261,0.217183931,0.216453782,0.29080897,0.159683504
-87.65512195,41.67162162,0.224649461,0.224575632,0.319470067,0.160366864
-87.64292683,41.67162162,0.223650842,0.224177114,0.326022295,0.173395321
-87.63073171,41.67162162,0.22260361,0.211149467,0.323713385,0.167153751
-87.61853659,41.67162162,0.223111449,0.215469493,0.31693476,0.181157341
-87.60634146,41.67162162,0.219743724,0.229518652,0.317718963,0.160473025
-87.59414634,41.67162162,0.223719392,0.234376767,0.316094425,0.149365501
-87.58195122,41.67162162,0.22302159,0.235476814,0.310005052,0.161630433
-87.5697561,41.67162162,0.221712438,0.220730836,0.298713467,0.162644022
-87.55756098,41.67162162,0.22070195,0.223517591,0.286477581,0.15582747
-87.54536585,41.67162162,0.217929567,0.221948284,0.293053922,0.163023929
-87.53317073,41.67162162,0.218060962,0.221285476,0.289614214,0.170765769
-87.6795122,41.68063063,0.229790886,0.220534773,0.355903102,0.163276846
-87.66731707,41.68063063,0.222295439,0.216228188,0.318491098,0.167481081
-87.65512195,41.68063063,0.232462855,0.210402601,0.312449182,0.175959451
-87.64292683,41.68063063,0.228216204,0.215508234,0.313889558,0.173042777
-87.63073171,41.68063063,0.218879378,0.21197238,0.313073617,0.167325087
-87.61853659,41.68063063,0.220443527,0.216522605,0.326088197,0.166456165
-87.60634146,41.68063063,0.221251234,0.220307977,0.317673766,0.15364928
-87.59414634,41.68063063,0.220293148,0.224554572,0.32012828,0.14180247
-87.58195122,41.68063063,0.218476896,0.232600437,0.316640124,0.158366284
-87.5697561,41.68063063,0.225058397,0.219798466,0.289678927,0.161151615
-87.55756098,41.68063063,0.219673674,0.216947811,0.291918195,0.158713122
-87.54536585,41.68063063,0.213113696,0.217431366,0.303028594,0.173479478
-87.53317073,41.68063063,0.21714618,0.226860638,0.307038384,0.177964586
-87.72829268,41.68963964,0.231513711,0.200259688,0.323769072,0.197320848
-87.71609756,41.68963964,0.234420298,0.210132874,0.32310555,0.185779735
-87.70390244,41.68963964,0.23534976,0.208619209,0.311060479,0.192289434
-87.69170732,41.68963964,0.230789562,0.216062113,0.324439561,0.191930958
-87.6795122,41.68963964,0.22709856,0.219400907,0.335923858,0.171982026
-87.66731707,41.68963964,0.229871044,0.204649466,0.318950822,0.160555858
-87.65512195,41.68963964,0.243591229,0.214016066,0.302864605,0.166417965
-87.64292683,41.68963964,0.229221766,0.211674082,0.303887466,0.170905525
-87.63073171,41.68963964,0.218199684,0.217696711,0.310651032,0.170287349
-87.61853659,41.68963964,0.218726369,0.221223263,0.311571818,0.15355346
-87.60634146,41.68963964,0.223077778,0.225118921,0.31636055,0.137887117
-87.59414634,41.68963964,0.219173231,0.227326033,0.328396344,0.14944725
-87.58195122,41.68963964,0.216765127,0.230236011,0.322956952,0.162971558
-87.5697561,41.68963964,0.221378919,0.227087881,0.312199479,0.170608098
-87.55756098,41.68963964,0.217541208,0.215794621,0.31166013,0.163813348
-87.54536585,41.68963964,0.213744207,0.20540305,0.315119217,0.170225111
-87.53317073,41.68963964,0.218639971,0.211851923,0.318118053,0.165378862
-87.71609756,41.69864865,0.23358363,0.205693892,0.333541252,0.186078496
-87.70390244,41.69864865,0.231605097,0.21033008,0.324306021,0.175075976
-87.6795122,41.69864865,0.229709436,0.224302919,0.314502695,0.169885453
-87.66731707,41.69864865,0.234224392,0.227063311,0.311789389,0.155768691
-87.65512195,41.69864865,0.240043465,0.224462417,0.29830141,0.168315319
-87.64292683,41.69864865,0.225625648,0.223583974,0.269542962,0.174083907
-87.63073171,41.69864865,0.222482,0.216300838,0.312400113,0.168992126
-87.61853659,41.69864865,0.223163533,0.21649075,0.312331905,0.164330173
-87.60634146,41.69864865,0.230064285,0.213459861,0.308354772,0.16379383
-87.59414634,41.69864865,0.2254518,0.225743555,0.325184827,0.147037977
-87.58195122,41.69864865,0.219878763,0.217526101,0.331336732,0.176003389
-87.5697561,41.69864865,0.221558975,0.222161647,0.314999503,0.192259012
-87.55756098,41.69864865,0.217770672,0.223966818,0.319182228,0.173651024
-87.54536585,41.69864865,0.21375989,0.208782234,0.310599377,0.173570703
-87.53317073,41.69864865,0.218019251,0.205922199,0.312060917,0.167371791
-87.71609756,41.70765766,0.233214092,0.218346752,0.327579981,0.196348808
-87.6795122,41.70765766,0.225977703,0.231691884,0.32372821,0.163716088
-87.66731707,41.70765766,0.234699711,0.230496771,0.317523646,0.16614699
-87.65512195,41.70765766,0.227885452,0.2312156,0.300552013,0.173485363
-87.64292683,41.70765766,0.218677873,0.236490663,0.28888747,0.176260097
-87.63073171,41.70765766,0.211198246,0.230548127,0.291523743,0.168461356
-87.61853659,41.70765766,0.225154686,0.221405392,0.304256384,0.184293181
-87.60634146,41.70765766,0.232526946,0.212699426,0.314643357,0.17727416
-87.59414634,41.70765766,0.235398929,0.228279433,0.334189436,0.163059727
-87.58195122,41.70765766,0.234533285,0.226187145,0.322281062,0.177250845
-87.5697561,41.70765766,0.226786918,0.21562016,0.312572266,0.182731311
-87.55756098,41.70765766,0.219892334,0.217809774,0.315330323,0.169195444
-87.54536585,41.70765766,0.214803115,0.211877012,0.312808699,0.156846684
-87.53317073,41.70765766,0.221131218,0.205590449,0.307721764,0.160250904
-87.6795122,41.71666667,0.230405452,0.23602129,0.321504802,0.176114281
-87.66731707,41.71666667,0.232931514,0.244021752,0.325048463,0.185804522
-87.65512195,41.71666667,0.225576936,0.239414791,0.301749599,0.171893934
-87.64292683,41.71666667,0.220069932,0.232902833,0.265018687,0.164988506
-87.63073171,41.71666667,0.216482374,0.24041796,0.286081478,0.170032006
-87.61853659,41.71666667,0.227027485,0.226424023,0.284995898,0.18200998
-87.60634146,41.71666667,0.234511446,0.216838219,0.290686629,0.186174362
-87.59414634,41.71666667,0.241150404,0.229698866,0.319839713,0.181400737
-87.58195122,41.71666667,0.242899097,0.225209601,0.323503703,0.181287987
-87.5697561,41.71666667,0.235183583,0.222720467,0.315467229,0.184801966
-87.55756098,41.71666667,0.225451788,0.221839792,0.321696561,0.171522423
-87.54536585,41.71666667,0.224241358,0.209955046,0.305340844,0.157484888
-87.53317073,41.71666667,0.227088105,0.200138891,0.30200264,0.161040324
-87.6795122,41.72567568,0.237418627,0.238650347,0.329172427,0.196190077
-87.66731707,41.72567568,0.233517189,0.236245576,0.319837944,0.177930491
-87.65512195,41.72567568,0.22968089,0.229932003,0.307464099,0.176371085
-87.64292683,41.72567568,0.227243523,0.236865308,0.29234754,0.167801876
-87.63073171,41.72567568,0.226976863,0.236161502,0.287905012,0.176631216
-87.61853659,41.72567568,0.23354185,0.236480366,0.283942098,0.184415377
-87.60634146,41.72567568,0.236144634,0.229421381,0.287909726,0.193120437
-87.59414634,41.72567568,0.245375406,0.22580999,0.307080356,0.181848589
-87.58195122,41.72567568,0.248605088,0.227899733,0.322489065,0.184502946
-87.5697561,41.72567568,0.245031718,0.223638514,0.313784933,0.18376273
-87.55756098,41.72567568,0.233933867,0.214613503,0.309276931,0.168237007
-87.54536585,41.72567568,0.230249739,0.215615156,0.312616221,0.155642035
-87.53317073,41.72567568,0.230386246,0.214087028,0.292159803,0.160743599
-87.7404878,41.73468468,0.231549614,0.21764883,0.34421329,0.251507233
-87.6795122,41.73468468,0.237799721,0.245346052,0.332005559,0.191911485
-87.66731707,41.73468468,0.2350981,0.237974633,0.321567209,0.191220149
-87.65512195,41.73468468,0.232715533,0.234084742,0.310131252,0.174410983
-87.64292683,41.73468468,0.233264379,0.242809013,0.289074634,0.183208242
-87.63073171,41.73468468,0.234870147,0.250309939,0.297963437,0.174540168
-87.61853659,41.73468468,0.237017717,0.248766248,0.288825705,0.177744247
-87.60634146,41.73468468,0.242149365,0.239132663,0.285741137,0.194442599
-87.59414634,41.73468468,0.254519585,0.225017603,0.295165424,0.192361542
-87.58195122,41.73468468,0.248807649,0.229166865,0.302160479,0.18528857
-87.5697561,41.73468468,0.24795391,0.224041957,0.31381858,0.179718294
-87.55756098,41.73468468,0.24107865,0.209798414,0.303568916,0.17223751
-87.54536585,41.73468468,0.229339357,0.22529636,0.292465533,0.159175915
-87.53317073,41.73468468,0.231864126,0.228944932,0.28137068,0.152976631
-87.7404878,41.74369369,0.225678124,0.2290819,0.333481939,0.340963855
-87.72829268,41.74369369,0.223875577,0.217938689,0.339512477,0.294390597
-87.71609756,41.74369369,0.229386493,0.228598436,0.344515027,0.269620398
-87.70390244,41.74369369,0.232334301,0.241963763,0.342399136,0.228300199
-87.69170732,41.74369369,0.233906435,0.247261902,0.331158123,0.201895979
-87.6795122,41.74369369,0.233704793,0.243396485,0.334370322,0.2021754
-87.66731707,41.74369369,0.236814824,0.244596369,0.330229659,0.211025177
-87.65512195,41.74369369,0.231312355,0.246845355,0.319005653,0.192230277
-87.64292683,41.74369369,0.23847903,0.253177868,0.292413187,0.171597415
-87.63073171,41.74369369,0.242324593,0.253123692,0.302346914,0.183947213
-87.61853659,41.74369369,0.241343605,0.253103299,0.27889994,0.181872218
-87.60634146,41.74369369,0.241117585,0.248872136,0.286372714,0.188995012
-87.59414634,41.74369369,0.243463336,0.236914281,0.299202122,0.184728257
-87.58195122,41.74369369,0.245394958,0.224854258,0.285393968,0.17953993
-87.5697561,41.74369369,0.242517231,0.231356618,0.297638349,0.178703977
-87.55756098,41.74369369,0.240058751,0.235047206,0.296205918,0.173807518
-87.54536585,41.74369369,0.233160741,0.232396553,0.281597184,0.161511043
-87.53317073,41.74369369,0.231041858,0.238715591,0.275956595,0.16168061
-87.7404878,41.7527027,0.2229686,0.23916075,0.334881331,0.681268253
-87.72829268,41.7527027,0.21441075,0.242246285,0.330892932,0.357277431
-87.71609756,41.7527027,0.213650692,0.249121972,0.347921307,0.27571234
-87.70390244,41.7527027,0.218495261,0.249951224,0.335780596,0.258076843
-87.69170732,41.7527027,0.228976318,0.253810349,0.3389407,0.234501933
-87.6795122,41.7527027,0.224308998,0.248561081,0.365316444,0.222993603
-87.66731707,41.7527027,0.219523739,0.246690166,0.332824609,0.218054942
-87.65512195,41.7527027,0.224518094,0.252528669,0.323982987,0.207069712
-87.64292683,41.7527027,0.229002356,0.255803011,0.309726281,0.194511176
-87.63073171,41.7527027,0.234145393,0.256035294,0.285759323,0.188776238
-87.61853659,41.7527027,0.238680846,0.253414642,0.293311138,0.19786716
-87.60634146,41.7527027,0.239286333,0.25433135,0.280735726,0.20164924
-87.59414634,41.7527027,0.239566779,0.240265829,0.283360744,0.183070637
-87.58195122,41.7527027,0.24096907,0.230194531,0.277746538,0.179822021
-87.5697561,41.7527027,0.243829559,0.235732495,0.292839181,0.186759547
-87.55756098,41.7527027,0.239510944,0.244228515,0.299833746,0.187757334
-87.54536585,41.7527027,0.237119652,0.235768718,0.288439487,0.126530924
-87.7404878,41.76171171,0.220026592,0.243028146,0.337606933,0.459975236
-87.72829268,41.76171171,0.204785308,0.246673422,0.342051867,0.344805805
-87.71609756,41.76171171,0.20927603,0.257521556,0.345742758,0.269955576
-87.70390244,41.76171171,0.222302649,0.268316252,0.345241056,0.252704573
-87.69170732,41.76171171,0.221478485,0.260160092,0.349886765,0.238638837
-87.6795122,41.76171171,0.220962786,0.247185675,0.353803299,0.231073998
-87.66731707,41.76171171,0.218171767,0.24743108,0.340324151,0.247024749
-87.65512195,41.76171171,0.216211062,0.254036631,0.322636403,0.235890099
-87.64292683,41.76171171,0.221191993,0.264220769,0.311104953,0.225111431
-87.63073171,41.76171171,0.22878411,0.265343962,0.29947165,0.203405901
-87.61853659,41.76171171,0.235750564,0.252508594,0.293220448,0.186089417
-87.60634146,41.76171171,0.237799531,0.243621188,0.300859127,0.196902982
-87.59414634,41.76171171,0.236288582,0.237224106,0.285859365,0.184860088
-87.58195122,41.76171171,0.235918204,0.22941801,0.294218,0.190167652
-87.5697561,41.76171171,0.23213521,0.221631874,0.305717941,0.196508906
-87.55756098,41.76171171,0.231364955,0.22945461,0.299726281,0.200641494
-87.7404878,41.77072072,0.210520278,0.247088184,0.335277986,0.309864447
-87.72829268,41.77072072,0.209391228,0.254523833,0.323480114,0.285517015
-87.71609756,41.77072072,0.206403286,0.260919491,0.339067928,0.264946682
-87.70390244,41.77072072,0.20853033,0.26931591,0.334230338,0.239996593
-87.69170732,41.77072072,0.21490888,0.262145371,0.332655764,0.231682945
-87.6795122,41.77072072,0.222135534,0.259128571,0.328401379,0.229341842
-87.66731707,41.77072072,0.214649554,0.257983264,0.322610913,0.22332643
-87.65512195,41.77072072,0.209407142,0.258662772,0.318647848,0.223684708
-87.64292683,41.77072072,0.213964723,0.262378042,0.324751845,0.193918847
-87.63073171,41.77072072,0.226124231,0.260001988,0.298419529,0.193720603
-87.61853659,41.77072072,0.235589805,0.248096437,0.295772686,0.199474296
-87.60634146,41.77072072,0.23450354,0.251689733,0.289000763,0.206650588
-87.59414634,41.77072072,0.234120153,0.250511168,0.286946218,0.200592802
-87.58195122,41.77072072,0.235279645,0.244526323,0.295655658,0.201832495
-87.5697561,41.77072072,0.221776199,0.236947493,0.302698425,0.18413029
-87.78926829,41.77972973,0.207908633,0.246169247,0.339459868,0.254247532
-87.77707317,41.77972973,0.205714331,0.250372045,0.344036926,0.245585858
-87.76487805,41.77972973,0.203121556,0.250996749,0.339551841,0.26070057
-87.75268293,41.77972973,0.194496891,0.257243264,0.334687896,0.265226148
-87.7404878,41.77972973,0.200215318,0.26000957,0.332261194,0.253853706
-87.72829268,41.77972973,0.202799942,0.256715918,0.328918494,0.252071591
-87.71609756,41.77972973,0.201269142,0.266278347,0.329855899,0.2438266
-87.70390244,41.77972973,0.204337562,0.259609095,0.324607884,0.234249672
-87.69170732,41.77972973,0.209830623,0.269355017,0.320072673,0.22270449
-87.6795122,41.77972973,0.221835813,0.26515151,0.317577412,0.218805529
-87.66731707,41.77972973,0.219672755,0.264151305,0.311656559,0.215865827
-87.65512195,41.77972973,0.2168012,0.266686058,0.318718225,0.215514787
-87.64292683,41.77972973,0.218313732,0.266217368,0.319254436,0.188406528
-87.63073171,41.77972973,0.229663104,0.262640022,0.29044222,0.192323145
-87.61853659,41.77972973,0.233628882,0.253036732,0.288042737,0.208494703
-87.60634146,41.77972973,0.238137184,0.259729693,0.274494719,0.222205896
-87.59414634,41.77972973,0.23632029,0.262832624,0.296813429,0.224938051
-87.58195122,41.77972973,0.231392902,0.265256223,0.302554046,0.222649572
-87.78926829,41.78873874,0.206342696,0.245983347,0.340359409,0.241321869
-87.77707317,41.78873874,0.202920959,0.257076852,0.345835221,0.238994827
-87.76487805,41.78873874,0.200182506,0.266982516,0.339674457,0.238058861
-87.75268293,41.78873874,0.191146484,0.271220225,0.351690372,0.244301514
-87.7404878,41.78873874,0.190703244,0.273452148,0.348892531,0.228066925
-87.72829268,41.78873874,0.189351009,0.267442222,0.340722086,0.227710638
-87.71609756,41.78873874,0.19011143,0.266682897,0.327289371,0.236579615
-87.70390244,41.78873874,0.196726387,0.277210618,0.327872844,0.235264395
-87.69170732,41.78873874,0.203967047,0.277974991,0.320580375,0.216376687
-87.6795122,41.78873874,0.212984894,0.265579966,0.320411755,0.209823854
-87.66731707,41.78873874,0.221586619,0.263754502,0.299495516,0.204195754
-87.65512195,41.78873874,0.223823641,0.272440889,0.303369225,0.198093458
-87.64292683,41.78873874,0.2343205,0.274304466,0.313760568,0.187626418
-87.63073171,41.78873874,0.244358258,0.267948224,0.31000641,0.196187554
-87.61853659,41.78873874,0.232641039,0.259262119,0.309626578,0.193930447
-87.60634146,41.78873874,0.233203027,0.272189739,0.309459198,0.223962569
-87.59414634,41.78873874,0.231541689,0.270396764,0.309420469,0.241909607
-87.58195122,41.78873874,0.228496105,0.271156799,0.316024536,0.261558759
-87.80146341,41.79774775,0.205432959,0.244756084,0.34499531,0.216612993
-87.78926829,41.79774775,0.199874714,0.252718439,0.346780235,0.22444124
-87.77707317,41.79774775,0.196460855,0.260087861,0.365225125,0.234250393
-87.76487805,41.79774775,0.198632502,0.267444753,0.349472429,0.226841223
-87.75268293,41.79774775,0.201060494,0.273521114,0.350935138,0.232778593
-87.7404878,41.79774775,0.180972654,0.273720603,0.35163291,0.225976496
-87.72829268,41.79774775,0.168292107,0.281438649,0.328556442,0.229845386
-87.71609756,41.79774775,0.176096121,0.273747648,0.321828411,0.237613855
-87.70390244,41.79774775,0.186556349,0.269240648,0.332232047,0.235555769
-87.69170732,41.79774775,0.196957294,0.273834502,0.321285759,0.220662842
-87.6795122,41.79774775,0.200565669,0.275796638,0.313631717,0.211524523
-87.66731707,41.79774775,0.215632433,0.273980469,0.301547689,0.214444316
-87.65512195,41.79774775,0.226230674,0.279687794,0.291682605,0.202813095
-87.64292683,41.79774775,0.239940858,0.279245016,0.308149623,0.203962834
-87.63073171,41.79774775,0.232070541,0.276624793,0.312500965,0.203365966
-87.61853659,41.79774775,0.225657228,0.271658845,0.312384688,0.205593246
-87.60634146,41.79774775,0.225756907,0.276852361,0.316135445,0.224222275
-87.59414634,41.79774775,0.225686771,0.285185953,0.314529449,0.22325229
-87.58195122,41.79774775,0.224457538,0.284134138,0.31523521,0.218219014
-87.75268293,41.80675676,0.188408297,0.270459414,0.3396939,0.244989386
-87.7404878,41.80675676,0.171250012,0.295812739,0.326908838,0.231078845
-87.72829268,41.80675676,0.151771722,0.284053544,0.322247929,0.227071195
-87.71609756,41.80675676,0.170248204,0.276805432,0.321974022,0.240887104
-87.70390244,41.80675676,0.18360967,0.273779476,0.314762248,0.237173369
-87.69170732,41.80675676,0.185696173,0.276714649,0.309987147,0.220652169
-87.6795122,41.80675676,0.195587619,0.279862539,0.310425235,0.212310725
-87.66731707,41.80675676,0.203241474,0.27320525,0.295864758,0.229567806
-87.65512195,41.80675676,0.219566446,0.281751034,0.296691385,0.206918514
-87.64292683,41.80675676,0.225159687,0.28519048,0.307374188,0.204751832
-87.63073171,41.80675676,0.223576248,0.279152311,0.308944641,0.20490839
-87.61853659,41.80675676,0.215826536,0.278262367,0.294255127,0.208655709
-87.60634146,41.80675676,0.214362649,0.284759578,0.299570573,0.213294652
-87.59414634,41.80675676,0.2133802,0.290999498,0.304017282,0.203662971
-87.7404878,41.81576577,0.169603188,0.277644477,0.32572857,0.230777484
-87.72829268,41.81576577,0.167164326,0.282668909,0.315719078,0.230317852
-87.71609756,41.81576577,0.172219642,0.272545092,0.319263937,0.231480999
-87.70390244,41.81576577,0.184603379,0.271257335,0.31250822,0.22314128
-87.69170732,41.81576577,0.189530896,0.275805081,0.31525819,0.210588634
-87.6795122,41.81576577,0.18543105,0.280081961,0.308857409,0.22559763
-87.66731707,41.81576577,0.186714312,0.282650796,0.301088169,0.233600089
-87.65512195,41.81576577,0.20476741,0.280085462,0.301170361,0.216485639
-87.64292683,41.81576577,0.22351935,0.28178654,0.310130565,0.203042949
-87.63073171,41.81576577,0.2203964,0.275841442,0.308508459,0.196961404
-87.61853659,41.81576577,0.207087836,0.286844566,0.284888977,0.198996666
-87.60634146,41.81576577,0.202287546,0.287091815,0.334741074,0.18858818
-87.59414634,41.81576577,0.207708784,0.279782673,0.32243498,0.179533258
-87.72829268,41.82477477,0.168637007,0.285012697,0.324566865,0.232368645
-87.71609756,41.82477477,0.174418393,0.2726498,0.316991535,0.224045774
-87.70390244,41.82477477,0.187442911,0.278408015,0.310121944,0.219349202
-87.69170732,41.82477477,0.190232443,0.294784361,0.300625047,0.22487025
-87.6795122,41.82477477,0.189062854,0.282999794,0.299168292,0.229866483
-87.66731707,41.82477477,0.194207317,0.282030967,0.306192358,0.221133222
-87.65512195,41.82477477,0.209516554,0.283185576,0.313328233,0.213976942
-87.64292683,41.82477477,0.219737086,0.288849573,0.312068127,0.206147483
-87.63073171,41.82477477,0.216358816,0.283716803,0.311331148,0.193834472
-87.61853659,41.82477477,0.207141113,0.290667818,0.321167343,0.179038317
-87.60634146,41.82477477,0.21033801,0.288613674,0.335248781,0.179620637
-87.72829268,41.83378378,0.173102938,0.273366714,0.318378984,0.220657016
-87.71609756,41.83378378,0.173907647,0.272140167,0.316966192,0.223002213
-87.70390244,41.83378378,0.188375381,0.287175348,0.310901287,0.22015107
-87.69170732,41.83378378,0.18721504,0.291754934,0.308138404,0.223118584
-87.6795122,41.83378378,0.193954369,0.286855699,0.309264195,0.223304815
-87.66731707,41.83378378,0.20471765,0.280834949,0.318153288,0.22410261
-87.65512195,41.83378378,0.217866768,0.290304526,0.308782639,0.21772189
-87.64292683,41.83378378,0.216201972,0.298202711,0.315231184,0.210637808
-87.63073171,41.83378378,0.212817832,0.295317212,0.321213942,0.19037579
-87.61853659,41.83378378,0.210262778,0.299261516,0.331334422,0.174307277
-87.60634146,41.83378378,0.214600822,0.29798717,0.328944999,0.170849485
-87.72829268,41.84279279,0.183001747,0.273770696,0.325320475,0.213504016
-87.71609756,41.84279279,0.186026729,0.277631043,0.317904175,0.204801718
-87.70390244,41.84279279,0.197183025,0.288340872,0.325953478,0.215147333
-87.69170732,41.84279279,0.200750865,0.289291497,0.330827202,0.214957892
-87.6795122,41.84279279,0.1920286,0.28685487,0.328923712,0.21535728
-87.66731707,41.84279279,0.207379814,0.289374745,0.322914694,0.218397184
-87.65512195,41.84279279,0.210778228,0.293996071,0.327381787,0.210289999
-87.64292683,41.84279279,0.214767142,0.303309714,0.326902214,0.223662791
-87.63073171,41.84279279,0.220044626,0.314435074,0.326694292,0.192770152
-87.61853659,41.84279279,0.219987194,0.320126221,0.326984477,0.187975631
-87.72829268,41.8518018,0.190325964,0.272745369,0.33479116,0.211323126
-87.71609756,41.8518018,0.19441317,0.281652731,0.328515612,0.203886165
-87.70390244,41.8518018,0.199372828,0.291036779,0.322596166,0.206825323
-87.69170732,41.8518018,0.204235576,0.301267108,0.32937434,0.202787515
-87.6795122,41.8518018,0.202276111,0.299878582,0.332412309,0.20563238
-87.66731707,41.8518018,0.203587818,0.29656285,0.332207652,0.205783478
-87.65512195,41.8518018,0.204058285,0.309699125,0.334171728,0.203308037
-87.64292683,41.8518018,0.209987824,0.329254912,0.326488151,0.198115705
-87.63073171,41.8518018,0.215469717,0.341823287,0.329328562,0.181758104
-87.61853659,41.8518018,0.219765748,0.354176279,0.32968452,0.180430819
-87.72829268,41.86081081,0.20442255,0.274482263,0.324295761,0.197308734
-87.71609756,41.86081081,0.199393221,0.283943771,0.319489304,0.198372052
-87.70390244,41.86081081,0.202871719,0.297013193,0.328175846,0.201049237
-87.69170732,41.86081081,0.204963395,0.296820065,0.322174572,0.205658442
-87.6795122,41.86081081,0.207961793,0.304962784,0.321149127,0.187933183
-87.66731707,41.86081081,0.207501979,0.3139562,0.32147342,0.202401258
-87.65512195,41.86081081,0.208326571,0.327704669,0.341879424,0.200728505
-87.64292683,41.86081081,0.204191493,0.358366036,0.328227627,0.207070028
-87.63073171,41.86081081,0.210464686,0.369915891,0.33809795,0.18280204
-87.61853659,41.86081081,0.213757887,0.421611744,0.384767991,0.172269849
-87.60634146,41.86081081,0.213706538,0.3802827,0.33334998,0.191716662
-87.76487805,41.86981982,0.212231423,0.266664656,0.324206473,0.184556801
-87.75268293,41.86981982,0.206665133,0.260156877,0.321610372,0.174896651
-87.7404878,41.86981982,0.209620949,0.262501107,0.325177889,0.18792817
-87.72829268,41.86981982,0.214273973,0.272131315,0.323817956,0.196765146
-87.71609756,41.86981982,0.206167129,0.281688239,0.310241777,0.200097766
-87.70390244,41.86981982,0.20317371,0.2899504,0.322121158,0.195015317
-87.69170732,41.86981982,0.204820861,0.293841222,0.334605808,0.202251891
-87.6795122,41.86981982,0.213737109,0.308338021,0.327824434,0.196391459
-87.66731707,41.86981982,0.2102856,0.323571783,0.327918885,0.196198163
-87.65512195,41.86981982,0.206648616,0.347536395,0.337920484,0.180138824
-87.64292683,41.86981982,0.20274577,0.38838167,0.331552422,0.193521337
-87.63073171,41.86981982,0.206414904,0.448189982,0.328533445,0.171432593
-87.61853659,41.86981982,0.210646912,0.450411432,0.335712104,0.150980642
-87.76487805,41.87882883,0.217054782,0.257759825,0.335871936,0.188876203
-87.75268293,41.87882883,0.215698441,0.270951803,0.338858469,0.191310669
-87.7404878,41.87882883,0.212464171,0.271217678,0.324366638,0.175047196
-87.72829268,41.87882883,0.210621335,0.273695997,0.317417375,0.194893018
-87.71609756,41.87882883,0.206974552,0.284976908,0.318401976,0.214491104
-87.70390244,41.87882883,0.201269362,0.277576009,0.30606082,0.204884658
-87.69170732,41.87882883,0.200437511,0.292820666,0.321843764,0.198785083
-87.6795122,41.87882883,0.204042262,0.311950789,0.326706103,0.195175973
-87.66731707,41.87882883,0.206161765,0.330421379,0.322388652,0.192506761
-87.65512195,41.87882883,0.204058591,0.354053615,0.325242295,0.192635168
-87.64292683,41.87882883,0.199967863,0.398670226,0.330608609,0.214146162
-87.63073171,41.87882883,0.199313368,0.462650977,0.337173241,0.156628337
-87.61853659,41.87882883,0.203264334,0.468545973,0.333494734,0.134362254
-87.76487805,41.88783784,0.222650605,0.257188874,0.351664097,0.206450314
-87.75268293,41.88783784,0.227866506,0.261836778,0.330170851,0.201572098
-87.7404878,41.88783784,0.213769695,0.261408566,0.332896028,0.201661096
-87.72829268,41.88783784,0.207536999,0.26180466,0.331618738,0.200372718
-87.71609756,41.88783784,0.206046429,0.277938885,0.329695002,0.204293838
-87.70390244,41.88783784,0.202368494,0.271234753,0.321285132,0.200368289
-87.69170732,41.88783784,0.199573856,0.295460139,0.328517377,0.204053962
-87.6795122,41.88783784,0.200726885,0.316009261,0.328467268,0.20089657
-87.66731707,41.88783784,0.210194189,0.332773122,0.321344878,0.179342032
-87.65512195,41.88783784,0.199161952,0.346124216,0.318419408,0.187816821
-87.64292683,41.88783784,0.189322035,0.381666121,0.32545168,0.191206616
-87.63073171,41.88783784,0.192660152,0.433245809,0.324441972,0.139557614
-87.61853659,41.88783784,0.195096262,0.449015959,0.327837842,0.131572537
-87.76487805,41.89684685,0.223870652,0.249910662,0.335040052,0.200203717
-87.75268293,41.89684685,0.225527355,0.254611086,0.333317123,0.207365078
-87.7404878,41.89684685,0.212386967,0.25818608,0.334912786,0.204818499
-87.72829268,41.89684685,0.211759564,0.262940891,0.337373668,0.20750974
-87.71609756,41.89684685,0.209123982,0.254322143,0.332989138,0.214377525
-87.70390244,41.89684685,0.208931852,0.273967827,0.329212915,0.217942273
-87.69170732,41.89684685,0.198573075,0.296614119,0.325187646,0.204447753
-87.6795122,41.89684685,0.201027691,0.316411376,0.329692575,0.193024647
-87.66731707,41.89684685,0.197281696,0.323896673,0.329577832,0.187301535
-87.65512195,41.89684685,0.190810277,0.335752048,0.314355693,0.180579113
-87.64292683,41.89684685,0.188376299,0.346693915,0.311709717,0.184772359
-87.63073171,41.89684685,0.188747189,0.359046915,0.322511657,0.17334506
-87.61853659,41.89684685,0.193741334,0.361103157,0.32668539,0.156415724
-87.76487805,41.90585586,0.222951526,0.234830728,0.335358713,0.204396646
-87.75268293,41.90585586,0.217339274,0.246611697,0.332301731,0.201946271
-87.7404878,41.90585586,0.209568069,0.259731328,0.335890808,0.211730581
-87.72829268,41.90585586,0.211718947,0.256471522,0.309153525,0.213320104
-87.71609756,41.90585586,0.20698922,0.270642703,0.322364492,0.207492358
-87.70390244,41.90585586,0.20219375,0.273391372,0.321557014,0.21601856
-87.69170732,41.90585586,0.203728087,0.29445939,0.331822371,0.207307307
-87.6795122,41.90585586,0.19199528,0.307210564,0.320996478,0.19260532
-87.66731707,41.90585586,0.181158996,0.312362113,0.31603387,0.171525067
-87.65512195,41.90585586,0.184412387,0.316349492,0.313762146,0.159518396
-87.64292683,41.90585586,0.18471092,0.326258666,0.312607851,0.166678625
-87.63073171,41.90585586,0.190819517,0.322564266,0.316103745,0.162550873
-87.80146341,41.91486486,0.205568645,0.253862185,0.332840307,0.205938273
-87.78926829,41.91486486,0.201160603,0.249412508,0.337624277,0.211529178
-87.77707317,41.91486486,0.211333614,0.245346294,0.33748836,0.205630771
-87.76487805,41.91486486,0.213412969,0.243697999,0.328145964,0.207253995
-87.75268293,41.91486486,0.208429464,0.25018809,0.326887566,0.206240334
-87.7404878,41.91486486,0.20147457,0.264205918,0.32970903,0.213341749
-87.72829268,41.91486486,0.196861298,0.275905381,0.309860302,0.222697363
-87.71609756,41.91486486,0.192134335,0.276742182,0.311019768,0.218596721
-87.70390244,41.91486486,0.188252199,0.28169829,0.321692449,0.200927622
-87.69170732,41.91486486,0.190162014,0.290371586,0.323893107,0.212946737
-87.6795122,41.91486486,0.18252812,0.296600064,0.321863039,0.185298906
-87.66731707,41.91486486,0.175744963,0.303695305,0.301760974,0.16424558
-87.65512195,41.91486486,0.179708964,0.303859317,0.322125291,0.15809122
-87.64292683,41.91486486,0.190793693,0.309796974,0.326784332,0.163227338
-87.63073171,41.91486486,0.19488603,0.302825138,0.321868871,0.163750522
-87.80146341,41.92387387,0.198679265,0.25401469,0.33138563,0.216382524
-87.78926829,41.92387387,0.194478984,0.248568647,0.330910055,0.211873392
-87.77707317,41.92387387,0.200114442,0.253090096,0.330476428,0.20213135
-87.76487805,41.92387387,0.198380313,0.254574157,0.33075039,0.199861247
-87.75268293,41.92387387,0.195423601,0.260466464,0.322347353,0.20304471
-87.7404878,41.92387387,0.194610301,0.266703072,0.317464396,0.212049029
-87.72829268,41.92387387,0.19015839,0.262079295,0.315378057,0.216375133
-87.71609756,41.92387387,0.185917473,0.281136201,0.314740352,0.222037845
-87.70390244,41.92387387,0.186836307,0.281800723,0.325610266,0.209619293
-87.69170732,41.92387387,0.181512281,0.287855095,0.324102698,0.194315421
-87.6795122,41.92387387,0.175430221,0.284406212,0.324731446,0.174548968
-87.66731707,41.92387387,0.174040969,0.288726856,0.327069848,0.155163347
-87.65512195,41.92387387,0.175830921,0.286400835,0.32694613,0.147516618
-87.64292683,41.92387387,0.183683497,0.294223793,0.315512804,0.152744971
-87.63073171,41.92387387,0.19138815,0.29044367,0.322379973,0.158424909
-87.80146341,41.93288288,0.184803674,0.256708816,0.333243257,0.208816319
-87.78926829,41.93288288,0.186787445,0.257797673,0.336084366,0.217909994
-87.77707317,41.93288288,0.194169983,0.262263402,0.321081604,0.196980525
-87.76487805,41.93288288,0.194658163,0.269363353,0.320831868,0.179281168
-87.75268293,41.93288288,0.193251742,0.267392181,0.312842067,0.201905714
-87.7404878,41.93288288,0.192920459,0.275318684,0.309267376,0.220583536
-87.72829268,41.93288288,0.187021862,0.277882484,0.312364055,0.224635735
-87.71609756,41.93288288,0.174925542,0.281668157,0.314650278,0.211680208
-87.70390244,41.93288288,0.172604308,0.269457938,0.322137038,0.204825198
-87.69170732,41.93288288,0.164785619,0.273398766,0.333410409,0.194717444
-87.6795122,41.93288288,0.159586882,0.283125188,0.331083108,0.175403927
-87.66731707,41.93288288,0.164887159,0.284368519,0.343029938,0.119996335
-87.65512195,41.93288288,0.164537859,0.288037959,0.328973238,0.116183886
-87.64292683,41.93288288,0.174861742,0.292973635,0.318013095,0.145282187
-87.63073171,41.93288288,0.185677957,0.291354058,0.304486551,0.161061473
-87.8502439,41.94189189,0.206775585,0.246671666,0.343528185,0.207172593
-87.83804878,41.94189189,0.198350718,0.247158584,0.334193231,0.184778939
-87.82585366,41.94189189,0.190899124,0.251360784,0.324419801,0.194547171
-87.81365854,41.94189189,0.173533764,0.239488146,0.324822023,0.198627335
-87.80146341,41.94189189,0.166484116,0.242600288,0.338103862,0.197745105
-87.78926829,41.94189189,0.186124427,0.255200606,0.325080267,0.198588831
-87.77707317,41.94189189,0.197569819,0.26590921,0.31567824,0.18756495
-87.76487805,41.94189189,0.194070597,0.278286313,0.295900262,0.19184185
-87.75268293,41.94189189,0.1929394,0.277154346,0.30213025,0.192322972
-87.7404878,41.94189189,0.186959586,0.277245158,0.298317544,0.201449711
-87.72829268,41.94189189,0.176610023,0.272767342,0.297198923,0.204356756
-87.71609756,41.94189189,0.16299858,0.268014572,0.310528583,0.212178719
-87.70390244,41.94189189,0.1589956,0.270188552,0.32507717,0.198926734
-87.69170732,41.94189189,0.140394541,0.271074874,0.335664355,0.210535155
-87.6795122,41.94189189,0.123685399,0.271876417,0.330139777,0.163229016
-87.66731707,41.94189189,0.137193665,0.282760933,0.340391239,0
-87.65512195,41.94189189,0.157107293,0.285462532,0.349781155,0.072000866
-87.64292683,41.94189189,0.168634259,0.289819981,0.326244597,0.106074901
-87.89902439,41.9509009,0.193858083,0.236324887,0.33103195,0.227277246
-87.8502439,41.9509009,0.195451532,0.237036155,0.33259692,0.204849987
-87.83804878,41.9509009,0.191377098,0.237030312,0.32205091,0.210256612
-87.82585366,41.9509009,0.186635045,0.243648074,0.325414393,0.20316625
-87.81365854,41.9509009,0.174665391,0.237600269,0.315801698,0.193357824
-87.80146341,41.9509009,0.167549031,0.245947024,0.318580715,0.197425431
-87.78926829,41.9509009,0.186618069,0.247404895,0.32051564,0.203270257
-87.77707317,41.9509009,0.192532768,0.263553579,0.313201304,0.200558331
-87.76487805,41.9509009,0.185638804,0.273734309,0.309227678,0.193667743
-87.75268293,41.9509009,0.182269442,0.277286902,0.293478893,0.188311241
-87.7404878,41.9509009,0.180681235,0.277348453,0.308722664,0.188907946
-87.72829268,41.9509009,0.168038784,0.271053512,0.322304463,0.194337987
-87.71609756,41.9509009,0.160908812,0.260370522,0.32208157,0.189164286
-87.70390244,41.9509009,0.148515964,0.264838495,0.331244945,0.187194559
-87.69170732,41.9509009,0.111123655,0.268462599,0.330957252,0.199893834
-87.6795122,41.9509009,0.020773236,0.271800938,0.323947778,0.161053438
-87.66731707,41.9509009,0.095088276,0.278508241,0.328726404,0.080660212
-87.65512195,41.9509009,0.14931137,0.285288326,0.382382616,0.101101389
-87.64292683,41.9509009,0.167350208,0.285872069,0.329360031,0.118321331
-87.93560976,41.95990991,0.18978289,0.24347648,0.355271192,0.23015583
-87.92341463,41.95990991,0.19311847,0.254406171,0.352683678,0.23259162
-87.91121951,41.95990991,0.193362002,0.238721213,0.352324151,0.252048002
-87.89902439,41.95990991,0.196621898,0.247423497,0.342055362,0.252457973
-87.88682927,41.95990991,0.198164161,0.242507656,0.344218752,0.244019339
-87.8502439,41.95990991,0.187764286,0.251103592,0.334323184,0.219831157
-87.83804878,41.95990991,0.184721457,0.245353298,0.325003303,0.223130093
-87.78926829,41.95990991,0.181065377,0.24970091,0.310946959,0.189380193
-87.77707317,41.95990991,0.180574666,0.257421699,0.305576642,0.186295554
-87.76487805,41.95990991,0.173983279,0.266717273,0.304844049,0.183255621
-87.75268293,41.95990991,0.175805751,0.271762252,0.303644866,0.184760387
-87.7404878,41.95990991,0.174328002,0.272089222,0.31444559,0.160607406
-87.72829268,41.95990991,0.169389427,0.2747734,0.328556746,0.187296279
-87.71609756,41.95990991,0.161685427,0.269813678,0.328118201,0.18454208
-87.70390244,41.95990991,0.146220829,0.260123341,0.332846381,0.185024471
-87.69170732,41.95990991,0.098024976,0.265796037,0.335690699,0.187410344
-87.6795122,41.95990991,0.057756316,0.271679444,0.33998925,0.154820661
-87.66731707,41.95990991,0.112041143,0.283217715,0.342192247,0.147203516
-87.65512195,41.95990991,0.157183746,0.27706056,0.346316948,0.147484413
-87.64292683,41.95990991,0.174604349,0.279772615,0.328231449,0.143783848
-87.93560976,41.96891892,0.188420881,0.240259584,0.354820966,0.250210246
-87.92341463,41.96891892,0.191306026,0.248537246,0.350953384,0.249345036
-87.91121951,41.96891892,0.19608004,0.24741621,0.348987002,0.275403347
-87.89902439,41.96891892,0.195601101,0.250013433,0.339516317,0.298112929
-87.88682927,41.96891892,0.199670103,0.250603349,0.341919057,0.264173024
-87.8502439,41.96891892,0.180800414,0.254924799,0.331111615,0.227862616
-87.80146341,41.96891892,0.182337172,0.239158926,0.313843839,0.193886857
-87.78926829,41.96891892,0.186837881,0.234187215,0.318772534,0.188730686
-87.77707317,41.96891892,0.179126024,0.255543253,0.301299087,0.173639961
-87.76487805,41.96891892,0.16827394,0.259034984,0.302916866,0.17293493
-87.75268293,41.96891892,0.169899784,0.266851183,0.297780215,0.188055905
-87.7404878,41.96891892,0.173829765,0.265180585,0.31284022,0.182389786
-87.72829268,41.96891892,0.176982556,0.268385842,0.313447748,0.18663322
-87.71609756,41.96891892,0.169065091,0.263927506,0.327902734,0.1828224
-87.70390244,41.96891892,0.153076208,0.257077995,0.326446228,0.171399079
-87.69170732,41.96891892,0.132460212,0.264523931,0.327392104,0.163184813
-87.6795122,41.96891892,0.131464257,0.2625307,0.333861708,0.16193767
-87.66731707,41.96891892,0.146918044,0.273721262,0.330926131,0.162065024
-87.65512195,41.96891892,0.162380481,0.273178346,0.334764053,0.158367397
-87.93560976,41.97792793,0.19446389,0.243276411,0.354811973,0.25060174
-87.92341463,41.97792793,0.19418202,0.244343618,0.34842786,0.242941817
-87.91121951,41.97792793,0.197391105,0.249253324,0.340690322,0.310637483
-87.89902439,41.97792793,0.197258317,0.244882352,0.335365488,0.445849688
-87.88682927,41.97792793,0.199332262,0.255168672,0.335613175,0.291714718
-87.87463415,41.97792793,0.198195297,0.233904572,0.34175553,0.24258301
-87.8502439,41.97792793,0.185689535,0.252044923,0.335001755,0.24235413
-87.83804878,41.97792793,0.169003544,0.257480647,0.33360053,0.262529713
-87.81365854,41.97792793,0.17483263,0.251014352,0.312311132,0.213386372
-87.80146341,41.97792793,0.18096572,0.23483106,0.312246894,0.208634359
-87.78926829,41.97792793,0.183682374,0.236663632,0.307868439,0.207954789
-87.77707317,41.97792793,0.17992706,0.247598381,0.302992446,0.180965994
-87.76487805,41.97792793,0.17874341,0.257904662,0.309942163,0.181903309
-87.75268293,41.97792793,0.177387251,0.257915671,0.310019701,0.193554847
-87.7404878,41.97792793,0.181437212,0.264265517,0.314097631,0.192737088
-87.72829268,41.97792793,0.189658373,0.2587455,0.316809048,0.179708486
-87.71609756,41.97792793,0.181688468,0.263025365,0.324642356,0.182264782
-87.70390244,41.97792793,0.168045781,0.259409665,0.326065073,0.170177205
-87.69170732,41.97792793,0.157366171,0.255822198,0.328834945,0.151800642
-87.6795122,41.97792793,0.161390859,0.242511896,0.309497946,0.164008086
-87.66731707,41.97792793,0.161938277,0.259540854,0.325727974,0.168419554
-87.65512195,41.97792793,0.16924171,0.26867753,0.325063776,0.167218771
-87.93560976,41.98693694,0.198596179,0.242287484,0.355449944,0.238838687
-87.92341463,41.98693694,0.191317929,0.244593041,0.33735011,0.255831064
-87.91121951,41.98693694,0.197166606,0.248768613,0.334945748,0.278750221
-87.89902439,41.98693694,0.202563947,0.247901367,0.33086986,0.287818498
-87.88682927,41.98693694,0.20102442,0.243672283,0.335894415,0.256154908
-87.8502439,41.98693694,0.196471186,0.25092074,0.34964596,0.2354786
-87.81365854,41.98693694,0.180339163,0.256627125,0.316485058,0.214197196
-87.80146341,41.98693694,0.182666844,0.249100149,0.301086983,0.206683196
-87.78926829,41.98693694,0.174571969,0.246970509,0.300668494,0.204001453
-87.77707317,41.98693694,0.178671789,0.254616209,0.308667667,0.196244022
-87.76487805,41.98693694,0.184220452,0.262479356,0.31005432,0.193865219
-87.75268293,41.98693694,0.186486017,0.264163332,0.310272186,0.203735605
-87.7404878,41.98693694,0.189671423,0.259543411,0.322417551,0.193913854
-87.72829268,41.98693694,0.200478381,0.251602991,0.32466303,0.171978435
-87.71609756,41.98693694,0.192288383,0.249885317,0.322554412,0.172532536
-87.70390244,41.98693694,0.181659494,0.258153857,0.334357703,0.17214972
-87.69170732,41.98693694,0.171860824,0.258591082,0.328484936,0.173208647
-87.6795122,41.98693694,0.172273414,0.260607551,0.332861534,0.175215256
-87.66731707,41.98693694,0.174534364,0.264150762,0.325574525,0.168421089
-87.65512195,41.98693694,0.181218199,0.276281043,0.333329394,0.164638669
-87.93560976,41.99594595,0.21028044,0.235498467,0.342392203,0.209446333
-87.92341463,41.99594595,0.211431805,0.248483562,0.324799532,0.248255244
-87.91121951,41.99594595,0.20294651,0.252566953,0.323115513,0.25049555
-87.89902439,41.99594595,0.200376027,0.255690693,0.319126285,0.236466925
-87.88682927,41.99594595,0.206857471,0.248428523,0.330473159,0.236502388
-87.81365854,41.99594595,0.190532252,0.249994906,0.318705097,0.212612632
-87.80146341,41.99594595,0.191731106,0.251578336,0.306773525,0.207005741
-87.78926829,41.99594595,0.182083381,0.243078522,0.304065778,0.204010765
-87.77707317,41.99594595,0.186377099,0.257523906,0.314664858,0.199305872
-87.76487805,41.99594595,0.188567074,0.259560734,0.308483138,0.194101915
-87.75268293,41.99594595,0.194424925,0.257118529,0.312688446,0.197357837
-87.7404878,41.99594595,0.200245746,0.251104476,0.325339718,0.185515792
-87.72829268,41.99594595,0.202250829,0.259213338,0.330677803,0.176645785
-87.71609756,41.99594595,0.200415283,0.256920322,0.32819813,0.169082588
-87.70390244,41.99594595,0.193971185,0.264009246,0.33027294,0.168144045
-87.69170732,41.99594595,0.182622133,0.26754687,0.33271248,0.16531994
-87.6795122,41.99594595,0.175947712,0.271241237,0.336985071,0.160413198
-87.66731707,41.99594595,0.182071273,0.275734479,0.335187363,0.158621791
-87.65512195,41.99594595,0.18140183,0.274303726,0.312632995,0.151097429
-87.92341463,42.00495495,0.225188277,0.250516324,0.328058449,0.225933962
-87.91121951,42.00495495,0.209892178,0.25278399,0.328013489,0.223135712
-87.89902439,42.00495495,0.206522231,0.244850884,0.327713821,0.228766611
-87.81365854,42.00495495,0.207294921,0.228493939,0.313065157,0.195880261
-87.77707317,42.00495495,0.179714145,0.246357655,0.320556751,0.196441719
-87.76487805,42.00495495,0.193618692,0.255768177,0.322631848,0.196056948
-87.70390244,42.00495495,0.21063171,0.274159207,0.354698864,0.16504781
-87.69170732,42.00495495,0.189780159,0.273015978,0.337623238,0.160705031
-87.6795122,42.00495495,0.178348873,0.281337216,0.338273789,0.139557399
-87.66731707,42.00495495,0.183090914,0.27398674,0.32544719,0.139335082
-87.81365854,42.01396396,0.214462631,0.236513728,0.317249991,0.203442372
-87.77707317,42.01396396,0.194465404,0.25153049,0.321185649,0.179920739
-87.70390244,42.01396396,0.202552857,0.266034965,0.339944568,0.170727391
-87.69170732,42.01396396,0.194410879,0.274319209,0.326639706,0.159483145
-87.6795122,42.01396396,0.189132785,0.274097078,0.326252727,0.146752576
-87.66731707,42.01396396,0.187235638,0.273387681,0.316835884,0.151291933